steps,return
4480.0,15.952944993013563
8960.0,15.905188953369915
13440.0,15.876335350113802
17920.0,15.876335350113802
