steps,return
4900.0,33.11659474945005
9800.0,33.84481198408044
14700.0,33.43209169868942
19600.0,32.662170272498074
