steps,return
4480.0,18.740692726734217
8960.0,18.548485449692507
13440.0,18.402573526993983
