steps,return
4480.0,15.952944993013563
8960.0,15.582216680813321
13440.0,15.27066222268678
17920.0,15.27066222268678
22400.0,15.27066222268678
