steps,return
2940.0,23.71421999450633
5880.0,23.520377241341
8820.0,23.347054777014797
11760.0,23.4147752445608
14700.0,23.420731809113683
17640.0,23.17558770452454
20580.0,23.382892467519778
